SaaS Niche,Monthly Keyword Searches,Evaluation of Competition,Approximated Revenue
Ad-Free Streaming Assistant,"279,500",Low,"$86,678/month"
Regulatory Compliance Voice,"12,310",Very Low,"$3,630/month"
Sales-AI Personal Shopper,"640,640",Low,"$203,273/month"
Job Evolution Forecast Platform,"3,310",Very Low,$856/month
HyperInflation Tracker,"22,500",Very Low,"$6,986/month"
Startup CoFounder Connector,"301,620",Very Low,"$99,896/month"
Post-Apocalyptic Simulation Game,"41,270",Very Low,"$13,311/month"
Virtual Martial Arts Academy,"221,100",Low,"$71,632/month"
Interactive Knowledge Sharing Platform,"8,710",Very Low,"$2,568/month"
Boot Device Troubleshooter,300,Very Low,$58/month
Inclusive Learning Platform,"150,300",Very Low,"$48,997/month"
Skill Assessment Navigator,"35,140",Very Low,"$11,284/month"
Community-Driven Product Feedback System,"307,920",Very Low,"$101,878/month"
College Networking Hub,"612,700",Very Low,"$198,887/month"
Warranty Tracker Pro,"2,380",Very Low,$614/month
HelpDesk Language Integrity,"11,870",Low,"$3,493/month"
Productivity Spreadsheet Suite,"11,200",Low,"$3,077/month"
Launch Readiness Gauge,"77,200",Low,"$23,538/month"
Morning Mindfulness Tracker,"123,400",Very Low,"$39,743/month"
Digital To-Do List With Progress Tracking,"83,900",Low,"$25,519/month"
Community Feedback Loop Platform,"15,370",Very Low,"$4,753/month"
Audio Quality Enhancer,"7,300",Very Low,"$2,188/month"
SD Recovery Assistant,"165,300",Moderate,"$47,076/month"
Software Cleanup Toolkit,"2,350",Moderate,$515/month
Startup Compliance Manager,"34,770",Very Low,"$11,065/month"
User Feedback Loop,"8,580",Very Low,"$2,563/month"
Automated Vulnerability Management for Organizations,"15,900",Low,"$4,659/month"
Cloud Migration Simplifier,"6,700",Low,"$1,823/month"
Integrated Expense Sharing System,"9,960",Very Low,"$2,965/month"
User-Friendly Troubleshooting Platform,"40,520",Very Low,"$13,340/month"
Health Habit Tracker,"24,100",Low,"$6,431/month"
Automated Workshop Billing System,"2,670",Low,$652/month
Personalized Productivity Experimentation Hub,"2,950",Very Low,$790/month
Proposal Creation Streamliner,710,Very Low,$141/month
Bandwidth Management for Public Hotspots,310,Very Low,$55/month
High-Quality Work Hour Tracker,"32,170",Low,"$10,070/month"
Smart Task Prioritization Tool,"43,440",Low,"$14,055/month"
SaaS Progress Tracker for Founders,"60,580",Low,"$18,455/month"
AI Communication Coach,"33,100",Very Low,"$10,471/month"
Educational Substitute Resource Hub,"14,900",Very Low,"$4,472/month"
Digital Asset Monetization Marketplace,"118,100",Very Low,"$37,024/month"
Weddings Vendor Networking Hub,"65,290",Low,"$18,801/month"
Freelancer Career Building Dashboard,"117,600",Very Low,"$36,600/month"
Remote Worker Identity Verification Tool,"263,600",Low,"$80,125/month"
Interactive EULA Analyzer,"24,840",Very Low,"$7,910/month"
Email Authenticity Analyzer,"3,000",Low,$758/month
Bookmark Management System,"9,640",Very Low,"$2,858/month"
Authenticity Marketing Toolkit,"29,010",Very Low,"$9,063/month"
Government Efficiency Insight Dashboard,"4,580",Very Low,"$1,198/month"
AI Content Quality Enhancer,"28,020",Low,"$8,347/month"
Tech User Experience Assessor,"18,840",Very Low,"$5,782/month"
SEO Content Clustering Tool,"219,490",Very Low,"$70,657/month"
Competitive Keyword Analyzer,"137,620",Low,"$41,753/month"
Automated Email Security Monitor,"77,700",Low,"$25,018/month"
Content Value Feedback Platform,"7,020",Low,"$2,049/month"
Small Business Networking Hub,"56,900",Very Low,"$18,288/month"
City Adaptation App,"8,840",Very Low,"$2,719/month"
EMDR Therapy Tracker,30,Very Low,$5/month
Content Distillation Tool,"10,000",Very Low,"$3,096/month"
Transparent Marketing Hub,830,Very Low,$172/month
Hardware Troubleshooting Assistant,610,Very Low,$118/month
Conflict Resolution Navigator,"43,600",Very Low,"$13,512/month"
Email Deliverability Optimizer,"12,090",Low,"$3,480/month"
LinkedIn Engagement Automator,"68,600",Low,"$21,256/month"
SEO Insights Dashboard,"171,200",Low,"$52,548/month"
Task Management Voice Assistant,"9,400",Low,"$2,624/month"
Dynamic Lead Nurturing Platform,"188,800",Low,"$57,298/month"
AI-First App Development Framework,"10,990",Low,"$3,174/month"
Financial Insights for Small Business Owners,"36,000",Low,"$11,371/month"
Children's Money Management App,"82,600",Low,"$25,280/month"
Dynamic URL Display Tool,"80,600",Very Low,"$26,307/month"
External Drive Management SaaS,"91,400",Moderate,"$26,111/month"
Game Performance Analyzer,"6,600",Very Low,"$1,934/month"
Digital Security Tracker,"33,100",Low,"$9,932/month"
SSD Upgrade Advisor,"12,500",High,"$3,173/month"
PSU Testing Tool,370,Very Low,$70/month
Remote Gaming Hub,"458,270",Very Low,"$150,507/month"
B2B Lead Generation Assistant,"8,500",Very Low,"$2,404/month"
Home Business Valuation Tool,"8,870",Low,"$2,561/month"
Local SEO Optimization Tool,"215,000",Very Low,"$69,203/month"
Business Influencer Program Manager,"50,600",Very Low,"$15,859/month"
Feedback and Improvement Hub,"1,830",Very Low,$470/month
Task Delegation and Time Management App,"51,500",Very Low,"$16,508/month"
Neighborhood Watch 2.0,"6,710",Very Low,"$2,067/month"
Work-Life Balance Tracker,"64,000",Very Low,"$20,796/month"
Influencer Fit Analyzer,"72,810",Very Low,"$23,451/month"
Healthy Habit Advisor,"4,700",Very Low,"$1,235/month"
Survey Insights Hub,"36,800",Very Low,"$11,045/month"
Digital Detox Coach,"10,510",Very Low,"$3,260/month"
Post-Layoff Coaching and Networking Platform,"2,263,080",Low,"$604,636/month"
Mindful Start: Daily Productivity Tracker,"415,500",Very Low,"$137,329/month"
Vibe Coding Tutorial Platform,"180,400",Low,"$54,351/month"
Social Connection Analyzer for Brands,"151,390",Very Low,"$49,705/month"
Linux Gaming Compatibility Toolkit,"44,580",Very Low,"$14,512/month"
Launch Strategy Builder for Developers,"4,780",Very Low,"$1,376/month"
Agile Productivity Dashboard,"123,900",Low,"$38,987/month"
Event Review Management System,"6,990",Very Low,"$1,987/month"
Sustainable Workload Analyzer,960,Very Low,$208/month
Research Impact Evaluator,"1,930",Very Low,$473/month
Community-Driven Revenue Model Tool,"13,000",Very Low,"$3,922/month"
MVP Feedback Loop Analyzer,750,Very Low,$157/month
Smart Hardware Compatibility Checker,"27,520",Low,"$7,250/month"
Secure Credential Recovery Assistant,"166,600",Moderate,"$49,604/month"
Freelancer Credit Assessment Booster,"10,220",Low,"$2,754/month"
FocusFlow: Distraction Management Platform,"713,570",Very Low,"$237,436/month"
Creative Release: Imagination Enhancement Tool,"220,000",Very Low,"$72,687/month"
SafeScans: Comprehensive Security Suite,"214,890",Moderate,"$62,391/month"
TalentMatch: Global Recruitment Platform,"77,490",Very Low,"$25,294/month"
CommunityHub: Secure Open Community Platform,"133,900",Very Low,"$43,196/month"
Legal Rights Advocacy Platform,"16,600",Very Low,"$5,010/month"
Water Cooling Shower Attachment,"117,320",Very Low,"$38,571/month"
Microchip Alternative: Dog ID Solutions,"13,400",Moderate,"$3,947/month"
Driver Update Automation Tool,"6,400",Very Low,"$1,853/month"
Creative Idea Incubator,"309,000",Very Low,"$102,083/month"
Pathfinder: Interest-Driven Learning Platform,"9,800",Very Low,"$2,906/month"
Morning Momentum: Daily Habit Builder,"32,900",Low,"$9,410/month"
ShopSync: Universal Shopping Cart,"90,830",Very Low,"$28,208/month"
AI Content Auditor,"153,980",Low,"$47,016/month"
PSU Diagnostic and Replacement Service,660,Low,$123/month
Influencer Marketing Analytics Dashboard,"13,820",Low,"$4,010/month"
Construction Workforce Management Hub,"209,190",Very Low,"$68,580/month"
Social Media Meme Creator for Brands,"499,890",Very Low,"$165,434/month"
Data Recovery Evaluation Service,"15,530",Low,"$4,704/month"
AutoBackup Genius,"5,300",Low,"$1,426/month"
Brand Harmony Analyzer,"136,320",Low,"$41,366/month"
Simplicity Chat,"32,800",Very Low,"$10,452/month"
Diet Tracer,"4,390",Moderate,"$1,073/month"
Dynamic Web Builder,"27,700",Very Low,"$8,777/month"
AI Style Protection Platform,"82,240",Low,"$26,311/month"
Cooling System Maintenance Tracker,"370,300",Very Low,"$114,752/month"
Cryptography Awareness Learning Hub,"276,900",Low,"$85,666/month"
CEO Influence Marketing Suite,"12,290",Very Low,"$3,641/month"
Job Search Networking Community,"224,800",Low,"$68,207/month"
AI-Enhanced Feedback Analyzer,"111,770",Low,"$32,718/month"
Dual Sleep Cycle Optimizer,"5,510",Low,"$1,494/month"
Creative Project Tracker,"10,720",Low,"$3,074/month"
Influencer Value Calculator,"14,820",Low,"$4,303/month"
Event Discovery and Discount Platform,"12,090",Very Low,"$3,698/month"
Influencer Marketing Strategy Hub,"14,420",Very Low,"$4,195/month"
Medical Rep Tele-Meeting Platform,310,Very Low,$60/month
Mood Board Collaboration Tool,"29,120",Very Low,"$9,238/month"
Streaming Ad Revenue Cinema,"308,480",Very Low,"$98,387/month"
Cross-Border Salary Analyzer,"8,310",Very Low,"$2,460/month"
Men's Floral Delivery Service,"618,600",Very High,"$164,589/month"
Influencer Marketing Aggregator,"16,600",Very Low,"$4,862/month"
Experience Planner for Travelers,"12,400",Low,"$3,570/month"
Ethical Affiliate Business Card Shopify,"461,400",High,"$125,496/month"
Brand Connection Analyzer,970,Very Low,$195/month
Domain Investment Tracker,"16,890",Low,"$5,142/month"
Profile Revamp Service,"25,800",Low,"$7,482/month"
Senior Scam Alert System,"5,520",Low,"$1,517/month"
Router Diagnostic Assistant,"1,530",Very Low,$372/month
Hydrogen Conversion Manager,"6,570",Very Low,"$1,897/month"
Errand and Task Tracker,"16,400",Low,"$4,836/month"
Social Engagement Platform for Women,"2,470",Very Low,$619/month
Disposable Toothbrush Dispenser,"5,560",High,"$1,430/month"
Procrastination Breakthrough Coach,"1,680",Very Low,$375/month
ImageSafe Backup,"42,220",Low,"$12,499/month"
DraftWise: AI-Powered Writing Assistant,"7,900",Moderate,"$2,047/month"
TravelTrace: Party Night Memory Tracker,"8,420",Moderate,"$2,405/month"
BrandPulse: Real-Time Brand Sentiment Analysis,"20,700",Very Low,"$6,281/month"
HireSmart: Employee Hiring and Retention System,"15,910",Low,"$4,710/month"
SpermConnect: Sperm Donation Marketplace,0,Very Low,$0/month
Local Business Discount Card System,"16,100",Low,"$4,898/month"
Digital Media Storage Optimizer,"49,500",Low,"$15,683/month"
Cultural Sensitivity Marketing Consultant,"141,500",Very Low,"$45,941/month"
Instant Task Management Assistant,"61,500",Low,"$19,113/month"
Remote Diagnostics Tool for Laptops,600,Very Low,$117/month
SMB Empowerment Forum,"302,040",Very Low,"$100,018/month"
Event Connector,"56,180",Very Low,"$18,066/month"
VoIP Troubleshooter,"53,900",Low,"$15,862/month"
MVP Launch planner,"102,300",Very Low,"$33,443/month"
Sleep Health Tracker,"82,100",Low,"$26,428/month"
Regulatory Clarity App,"115,500",Very Low,"$38,035/month"
Gift Linker,"115,700",High,"$30,588/month"
Candid Customer Insights Tool,"17,240",Very Low,"$5,446/month"
Transparent Learning Platform,"2,840",Very Low,$764/month
Decentralized Voting Management System,"1,010",Very Low,$251/month
Cultural Sensitivity Marketing Advisor,"29,000",Very Low,"$8,994/month"
Drive Failure Prediction Tool,"8,280",Very Low,"$2,466/month"
Gen Z Classroom Engagement App,"18,600",Very Low,"$5,667/month"
User Feedback Insights Platform,"2,290",Very Low,$564/month
Customer Onboarding Portal,"53,000",Very Low,"$16,667/month"
Expectation Management Tool,"181,100",Very Low,"$59,610/month"
Innovative Idea Generator,"316,520",Very Low,"$104,665/month"
Frustration-Free Bug Reporting,"22,400",Very Low,"$6,824/month"
Cinematic Onboarding Experience,"155,000",Very Low,"$50,411/month"
Circular Economy Product Marketplace,"105,800",Low,"$32,659/month"
Influencer Rate Transparency Platform,"13,910",Very Low,"$4,072/month"
Intelligent Procurement Aggregator,"8,980",Low,"$2,486/month"
AI Content Authenticity Checker,"61,230",Very Low,"$19,559/month"
Team Composition Optimizer,"350,640",Low,"$106,083/month"
Crowdsourced Research Funding Portal,"27,890",Low,"$8,220/month"
Social Media Manager SaaS,"13,410",Low,"$3,963/month"
Night Vision Driving Glasses,"33,820",High,"$8,833/month"
Virtual Support for Tech Troubleshooting,"34,100",Low,"$9,684/month"
Digital Pet Costume Contest Platform,"12,320",Very Low,"$3,721/month"
Smart Travel Companion App,"12,510",Low,"$3,595/month"
QoS Wizard,"3,110",Very Low,$815/month
Freelance REDCap Hub,"1,780",Very Low,$438/month
UI Resizer,"11,590",Low,"$3,501/month"
Crowd Event Aggregator,"12,590",Very Low,"$3,781/month"
Non-Tech Founder Support Network,"301,230",Very Low,"$99,809/month"
Creative Campaign Generator,"3,790",Very Low,$968/month
Inventory Tracker for Grocery Delivery,"149,810",Moderate,"$41,372/month"
Feedback-Driven Website Optimization Tool,"2,640",Very Low,$658/month
In-Depth SEO Audit Service,"7,880",Very Low,"$2,236/month"
Community-Centric Marketing Strategy Platform,"11,890",Very Low,"$3,572/month"
Remote Appointment Tracker,"15,060",Low,"$4,336/month"
Late Hour Mobile Store App,"12,090",Moderate,"$3,411/month"
Dynamic Inventory Management System,"17,400",Low,"$5,005/month"
Route Optimization Tool for Mobile Retail,"4,690",Low,"$1,197/month"
Late Night Essential Needs Analytics,"49,500",Very Low,"$15,096/month"
AI-Based Cold Email Generator,"135,800",Moderate,"$39,934/month"
Idea Validator,"37,140",Very Low,"$11,841/month"
Toxic Influence Pruner,"76,900",Very Low,"$25,140/month"
 AI Template Generator,"61,770",Low,"$20,047/month"
Custom Connection Generator,"12,000",Low,"$3,511/month"
Simplicity Tracker,"20,790",Very Low,"$6,429/month"
Digital Content Guard,"56,600",Very Low,"$17,861/month"
Gen-Z Engagement Toolkit,"5,910",Very Low,"$1,698/month"
AI-Driven Content Analysis,"140,280",Low,"$42,606/month"
Virtual Conflict Resolution Coach,"83,700",Very Low,"$27,300/month"
Home Builder Connect,"311,090",Very Low,"$102,682/month"
Event Map Explorer,"9,050",Very Low,"$2,733/month"
Task Flow Master,"43,430",Low,"$14,053/month"
AI Customer Support Suite,"76,300",Low,"$24,546/month"
SockMate Subscription Service,"161,200",Very High,"$42,890/month"
Parental Guidance Learning App,"147,000",Very Low,"$47,814/month"
Efficient Assignment Tracker,"8,200",Very Low,"$2,522/month"
Portable Shower Service for Seniors,"187,600",Low,"$58,768/month"
Snack Subscription Box Platform,"583,980",High,"$155,444/month"
Team Collaboration Scheduler,"38,900",Very Low,"$12,321/month"
Idea Monetization Platform,"334,240",Very Low,"$110,424/month"
Legacy Storytelling App,"163,700",Very Low,"$54,081/month"
Custom Event Wear,"56,600",Low,"$16,510/month"
Thermal Performance Enhancer Tool,"24,080",Low,"$7,581/month"
IT Security Awareness Training Platform,"120,290",Very Low,"$39,032/month"
Digital Consent Management Tool,"78,450",Very Low,"$25,741/month"
Multi-Disk Cloning Management System,"4,910",Low,"$1,340/month"
Smart LED Signage for Public Spaces,"18,600",High,"$4,831/month"
Client Needs Mapping Tool,"1,770",Very Low,$419/month
Mindfulness and Productivity App,"135,400",Very Low,"$44,082/month"
LinkedIn Lead Generator,"11,410",Low,"$3,309/month"
Experience Balance Planner,"46,600",Very Low,"$14,953/month"
Content Creator Toolkit,"168,700",Low,"$51,209/month"
Customized Marketing Strategy Builder,"25,480",Very Low,"$7,893/month"
Tech Support Diagnostic Assistant,"24,600",Low,"$7,678/month"
LinkedIn Lead Generation Optimizer,"28,320",Low,"$8,522/month"
E-commerce Client Management Portal,"95,100",Low,"$29,431/month"
Crypto Investment Educational Hub,"253,320",Low,"$79,231/month"
Freelance Marketing Agency Management Tool,"134,510",Very Low,"$42,603/month"
Drone Industry Network and Job Board,"83,580",Moderate,"$25,483/month"
Driver Assistant Pro,"25,400",Very Low,"$7,828/month"
Smart PDF Creator,"11,700",Low,"$3,233/month"
Competitive Insight Finder,"37,300",Very Low,"$11,481/month"
Outreach Automation Tool,"3,690",Low,"$1,039/month"
Water Jug Sales Automation,"13,000",Low,"$4,046/month"
Data Backup Manager,"32,900",Low,"$9,514/month"
Educational Social Skills App,"14,000",Very Low,"$4,367/month"
Gluten-Free Malt Vinegar Creator,"304,710",Very Low,"$97,846/month"
Client Acquisition Automation Tool,"40,600",Very Low,"$12,502/month"
BandBuddy Subscription Service,"10,270",Very Low,"$3,026/month"
Smart Toothbrush Tracker,"83,100",High,"$26,481/month"
Remote Landscaping Solutions,"2,710",Very Low,$694/month
Funding Navigator for Ideas,440,Low,$82/month
Feedback Loop Analytics,"2,470",Very Low,$684/month
Collaborative Science Initiative,470,Very Low,$87/month
User Feedback Automation Tool,"2,130",Very Low,$532/month
Influencer Marketing Strategy Analyzer,"12,530",Very Low,"$3,690/month"
Virtual User Testing Community,"22,280",Very Low,"$6,733/month"
Smart Feedback Loop for SaaS Products,920,Very Low,$202/month
Vibe Coding Collaboration Tool,"22,120",Low,"$6,710/month"
Data Recovery Assistant,"14,880",Very Low,"$4,552/month"
Event Discovery Platform,"12,050",Very Low,"$3,691/month"
Influencer Trust Meter,"12,710",Low,"$3,740/month"
Remote Team Feedback Hub,"1,070",Very Low,$229/month
Rural Delivery Marketplace,"3,060",Low,$737/month
SEO Landing Page Builder,"222,700",Low,"$71,233/month"
Digital Art Collaboration Hub,"138,400",Low,"$45,412/month"
Audience Engagement Dashboard,"151,720",Very Low,"$49,793/month"
Mini Wins Tracker,"44,400",Low,"$14,240/month"
StudyBuddy Boost,"61,500",Very Low,"$19,900/month"
Retail Scanner Pro,"6,820",Very Low,"$1,906/month"
BrewTrack,"380,140",Very Low,"$124,165/month"
JobMatch Advisor,"5,600",Very Low,"$1,537/month"
SmartShift Scheduler,"222,400",Low,"$72,027/month"
Call Insight Analytics,"184,100",Very Low,"$59,625/month"
Availability Matcher,"30,100",Very Low,"$9,255/month"
Brain Clarity Tracker,"48,600",Very Low,"$15,808/month"
ScamShield Call Verification,"1,540",Moderate,$339/month
Therapist Finder & Scheduler,"306,400",Low,"$93,683/month"
Side Hustle Growth Dashboard,"375,480",Low,"$122,118/month"
Financial Wellness Companion,"53,300",Very Low,"$16,805/month"
Tiny Floral Creations,"10,100",Very High,"$2,407/month"
Data Recovery Buddy,"21,600",Moderate,"$6,217/month"
Brand Name Checker,"126,100",Very Low,"$39,684/month"
Model Financial Manager,"22,910",Very Low,"$7,172/month"
Real Estate Compliance Manager,"370,900",Very Low,"$119,584/month"
Task Urgency Scheduler,"44,100",Low,"$13,943/month"
Advertising Cleanser,"16,000",Very Low,"$4,794/month"
Brand Engagement Platform,"18,520",Very Low,"$5,832/month"
Collaborative Coffee Experience App,"160,800",Very Low,"$52,942/month"
Health Passport Manager,"20,880",Very Low,"$6,360/month"
Creative Rights Protection Platform,"33,230",Very Low,"$10,786/month"
API Version Management Tool,"8,200",Very Low,"$2,322/month"
Cold Email Optimization Suite,"23,670",Low,"$6,990/month"
Outsourcing Service Validator,"27,420",Very Low,"$8,813/month"
Cloud Backup Automation Service,"30,210",Moderate,"$8,744/month"
Referral Growth Engine,"11,100",Low,"$3,188/month"
Live Stream Collaboration Hub,"62,700",Very Low,"$20,107/month"
Academic Focus Enhancer,"1,520",Very Low,$356/month
Macro Economic Insight Dashboard,"7,990",Very Low,"$2,323/month"
Reading Readiness Program,"2,500",Very Low,$606/month
Trial-Ready Subscription Management,"26,400",Very Low,"$7,897/month"
AI Content Quality Validator,"36,920",Low,"$10,945/month"
Remote Work Talent Matching Service,"90,670",Very Low,"$28,533/month"
Automated Disk Cleanup Tool for Businesses,"14,090",Low,"$4,170/month"
AI-Powered Personalized Lead Generator,"30,900",Low,"$9,208/month"
Non-Profit SaaS Starter Program,"2,830",Moderate,$712/month
Art Style Protection Platform,230,Low,$36/month
Employee Referral Connection Hub,"17,910",Very Low,"$5,522/month"
Personal Data Privacy Manager,"20,600",Moderate,"$5,874/month"
Mentorship Network for Isolated Entrepreneurs,"320,700",Very Low,"$106,022/month"
Smart Traffic Awareness Tool,"9,810",Low,"$2,794/month"
Virtual Idea Incubator,"110,860",Very Low,"$36,696/month"
Data Redundancy Manager,"31,300",Low,"$9,032/month"
Community Safety Network,"1,470",Very Low,$346/month
Customizable Learning Management System,"9,570",Very Low,"$2,836/month"
Nutritional Balance Tracker,"9,910",Low,"$2,884/month"
Employee Training & Migration Assistant,"18,400",Very Low,"$5,567/month"
Accountability Tracker,"299,500",Very Low,"$99,289/month"
USB Diagnostic Tool,180,Very Low,$32/month
Automated Legal Compliance Manager,"6,900",Low,"$1,865/month"
User Engagement Optimizer,"2,210",Very Low,$526/month
Customer Service Enhancement Platform,"207,920",Very Low,"$67,828/month"
Digital Influencer Monitor,"73,600",Very Low,"$23,658/month"
Performance Mindset Coach,"32,120",Very Low,"$10,139/month"
Social Connection Analyzer,"6,180",Very Low,"$1,814/month"
Data Migration Performance Tracker,"13,800",Very Low,"$4,021/month"
AI-Powered Lead Generation Tool,"22,500",Very Low,"$6,815/month"
Collaborative Business Management Platform,"33,200",Very Low,"$10,418/month"
Thoughtful Coding Assistant,"2,470",Very Low,$596/month
Budget Care Hub,"68,320",Very Low,"$21,647/month"
Ethical Repair Marketplace,"115,500",Very Low,"$37,923/month"
Digital Relationship Cleanup,"3,700",Low,"$1,000/month"
Smart Compliance Code Tester,"4,440",Very Low,"$1,207/month"
Ghost Mode Online Safety,"24,800",Moderate,"$7,209/month"
Stress Management Companion,"12,360",Very Low,"$3,822/month"
Rental Car Experience Enhancer,"1,010,500",Low,"$301,610/month"
Seamless Consent Management,"18,570",Low,"$5,498/month"
Clearer Communication Enhancer,"119,000",Low,"$34,916/month"
Rapid Note Capture,"96,600",Very Low,"$31,411/month"
Channel Performance Optimizer,"159,100",Very Low,"$52,275/month"
Freemium Subscription Manager,"69,320",Low,"$22,425/month"
Private Idea Vault,"391,760",Very Low,"$129,819/month"
Case Study Generator,"121,000",Very Low,"$39,210/month"
Secure Remote Access Manager,"20,200",Very Low,"$6,210/month"
Dynamic IP Management Tool,"94,200",Very Low,"$29,506/month"
Connection Reliability Analyzer,"53,900",Low,"$17,197/month"
User Experience Feedback Aggregator,"40,180",Very Low,"$12,401/month"
Innovative Product Ideation Hub,"245,140",Very Low,"$81,361/month"
Color Palette Optimizer,"74,730",Very Low,"$23,688/month"
Ecommerce Marketing Automation,"98,400",Very Low,"$30,451/month"
Digital Backup & Recovery Suite,"44,800",Low,"$13,247/month"
MVP Launchpad,"61,890",Very Low,"$18,789/month"
Self-Hosted Personal Assistant,"104,500",Very Low,"$33,177/month"
Secure Password Manager,"2,061,100",Very Low,"$682,150/month"
Digital Outreach Collaboration Tool,"278,100",Low,"$88,115/month"
Home Organization App,"50,000",Moderate,"$15,750/month"
Cold Outreach Optimizer,"23,000",Low,"$6,860/month"
Professional Website Revamp Service,"104,000",Very Low,"$32,996/month"
FocusMate Timer App,"101,700",Very Low,"$32,993/month"
Monster Slayer Services for Kids,"2,510",Very Low,$691/month
Business Branding Consultancy,"7,460",Very Low,"$2,191/month"
Light Spectrum Filter,"30,240",Moderate,"$8,761/month"
Cycle Diagnostic Scheduler,"49,840",Very Low,"$16,177/month"
Organic Marketing Agency for Startups,"31,200",Very Low,"$9,889/month"
Creative Doodling Platform,"321,300",Very Low,"$105,879/month"
Social Note-Passing App,"12,590",Low,"$3,581/month"
Personalized Exercise Tracker,"5,300",Low,"$1,386/month"
Travel Packing Optimization Tool,"3,670",High,$823/month
Freelance Brand Storytelling Hub,"22,090",Very Low,"$6,743/month"
Data Integrity Auditing Tool,"7,510",Very Low,"$2,241/month"
Smart Habit Tracker,"24,710",Low,"$6,748/month"
IoT Parking Meter Notification System,"4,200",Very Low,"$1,075/month"
Kubernetes Migration Assistant,"76,620",Very Low,"$24,974/month"
AI Healthcare Insights Hub,"11,380",Low,"$3,211/month"
LLM Context Optimizer,760,Very Low,$151/month
Sales Data Navigator for Small Businesses,"34,240",Low,"$10,527/month"
AdCost Efficiency Analyzer,"1,600",Very Low,$363/month
Mindset Reflection Coach,"15,300",Low,"$4,638/month"
Nature Breaks App,"45,100",High,"$12,985/month"
Voice Dictation Productivity Tool,"3,990",Low,"$1,035/month"
Instant Cold Email Platform,"28,300",Low,"$8,508/month"
Spice Import Mentor Network,"41,900",Very Low,"$13,496/month"
File Conversion Suite,"6,400",Very Low,"$1,763/month"
AI-Enhanced CRM Optimizer,"276,300",Low,"$82,823/month"
Routine Breaker App,"7,910",Very Low,"$2,385/month"
PodcastGenie,"23,610",Low,"$7,270/month"
LaunchOptimizer,"23,310",Very Low,"$7,254/month"
NicheConnect,"2,242,220",Very Low,"$744,099/month"
EngageBoost,"1,390",Low,$334/month
ClassConnect,"13,900",Very Low,"$4,058/month"
GrowthVision,"18,600",Very Low,"$5,601/month"
MarketMind,"13,510",Very Low,"$4,163/month"
TeacherFinder,"4,940",Very Low,"$1,354/month"
PODPro,"51,970",Moderate,"$14,342/month"
Visitor Intelligence Hub,"22,400",Low,"$6,673/month"
Cloud Spend Optimizer,790,Very Low,$172/month
Launch Strategy Toolbox,"24,130",Very Low,"$7,533/month"
Secure Communication Suite,"124,800",Very Low,"$40,893/month"
Community Engagement Toolkit,"9,010",Very Low,"$2,734/month"
Gym Routine Prep Assistant,"458,510",Very Low,"$150,178/month"
Google Sheets AI Analyzer,"2,813,600",Very Low,"$936,686/month"
All-in-One Small Business Toolkit,"157,900",Low,"$50,814/month"
Team Productivity Expense Tracker,"4,520",Low,"$1,181/month"
Interactive Flashcard Learning Assistant,"260,500",Low,"$83,584/month"
Ad Performance Optimizer,"571,000",Very Low,"$185,942/month"
Classroom Engagement Tracker,"115,300",Very Low,"$37,411/month"
PC Health Monitoring Suite,"17,890",Very Low,"$5,598/month"
Digital Privacy Manager,"96,300",Low,"$30,647/month"
Procrastination Breakthrough Planner,"266,000",Very Low,"$87,973/month"
EcoCopper Disposal Solution,"114,490",Low,"$37,678/month"
Procrastination Momentum Coach,"178,400",Very Low,"$58,883/month"
PitchPerfect: Investor Readiness Tool,"64,390",Low,"$19,728/month"
Automotive Delivery Dashboard,"1,280",Very Low,$279/month
CPU Health Monitor,"5,510",Low,"$1,578/month"
Backup Guardian,"32,400",Low,"$9,322/month"
Custom Cooling Solutions,"8,680",Moderate,"$2,182/month"
Task Tracker Pro,"4,790",Very Low,"$1,265/month"
Micro-Creator Collaborative Platform,"116,000",Low,"$38,146/month"
Perfectionist's Progress Tracker,"65,600",Very Low,"$21,275/month"
Startup Co-Founder Matching Service,570,Very Low,$120/month
On-Demand Product Launch Plans,"2,000",Very Low,$537/month
Tiny Home Marketing Hub,"515,100",Moderate,"$158,300/month"
IBS Health Tracker App,"8,380",Low,"$2,501/month"
Accountability Action Tracker,"229,900",Very Low,"$76,150/month"
Guerrilla Marketing Toolkit,"12,510",Very Low,"$3,921/month"
Feedback Hunter,710,Very Low,$145/month
SyncComms,"5,390",Low,"$1,386/month"
Simplified Compliance Management,"1,820",Very Low,$462/month
MVP Booster,"3,790",Very Low,$982/month
Cycle Care Advisor,"217,100",Moderate,"$62,866/month"
WebGremlin: Comprehensive Website Analysis Tool,"19,720",Very Low,"$6,121/month"
MindShift: Overcoming Perfectionism and Burnout,"2,900",Very Low,$782/month
MarketPulse: Test Demand Before Launch,"16,000",Low,"$4,713/month"
Bot Traffic Management Suite,"2,280",Low,$563/month
Local Event Coordination Platform,"17,400",Very Low,"$5,292/month"
Custom Bakery Order Management System,"49,870",Moderate,"$13,171/month"
Privacy-Centric Data Compliance Tool,"1,100",Very Low,$248/month
Scalable SaaS Cost Optimizer,"19,130",Very Low,"$6,124/month"
PC Health Diagnostics App,880,Very Low,$180/month
Startup Risk Management Tool,"82,740",Very Low,"$26,112/month"
CRM Customization Hub,"3,080",Very Low,$768/month
Weekly Planning Assistant,"153,400",Very Low,"$50,477/month"
Dual Boot Management Tool,"1,970",Very Low,$534/month
Privacy Guardian,"8,700",Very Low,"$2,584/month"
Freelancer Freedom Finder,"130,200",Very Low,"$40,559/month"
SaaS Starter Kit,"301,690",Very Low,"$99,909/month"
Smart Document Enhancer,"251,700",Low,"$74,768/month"
SEO Early Start Toolkit,"201,650",Very Low,"$64,963/month"
Community Engagement Hub,"16,400",Very Low,"$5,013/month"
Creative Stability Planner,"13,540",Very Low,"$4,169/month"
Audio Quality Assessment App,"7,240",Low,"$2,155/month"
Referral & Affiliate Insight Platform,"114,000",Low,"$33,820/month"
Task Tracker & Accomplishment Journal,"43,510",Very Low,"$14,068/month"
Freelancer Marketing Strategy Hub,"138,710",Low,"$45,854/month"
Simplicity in Decision Making,"58,860",Low,"$19,179/month"
Digital Safeguard for Downloads,"168,010",Low,"$50,071/month"
Drive Setup Assistant for Unraid,"22,610",Very Low,"$7,143/month"
Eat the Frog Productivity Planner,"76,500",Very Low,"$24,811/month"
Flexible Contract Management Platform,"188,400",Low,"$59,909/month"
CLI Ease for Tech Newbies,"254,210",Very Low,"$83,705/month"
Customer Discovery & Engagement Platform,"18,490",Very Low,"$5,699/month"
Cognitive Wellness App,"116,100",Very Low,"$37,990/month"
Focus Framework,"713,760",Very Low,"$237,474/month"
Skill Accelerator Hub,"56,600",Very Low,"$18,258/month"
Mindset Shift Community,"33,700",Very Low,"$10,735/month"
Startup Integrity Tracker,"1,000",Very Low,$249/month
Extreme Control Mindset Coaching,"14,100",Very Low,"$4,263/month"
Lunch Replacement Meal Plans,"63,200",Moderate,"$17,254/month"
Corporate Influence Analyzer,"6,640",Very Low,"$2,008/month"
E-commerce Engagement Booster,"15,300",Low,"$4,450/month"
Partition Manager Pro,"18,090",Very Low,"$5,461/month"
Skill Reflection Journal,"40,300",Low,"$11,858/month"
Home Hacking Financial Planner,"91,000",Low,"$27,923/month"
Spice Import Dashboard,"18,000",Moderate,"$5,112/month"
Data Pollution Shield,"71,500",Very Low,"$23,266/month"
Remote Team Synergy,"96,300",Low,"$30,116/month"
Travel Preparedness Hub,"18,100",Low,"$5,225/month"
Founder Connection Network,"323,920",Very Low,"$107,162/month"
Mindfulness Boredom Breaker,"165,800",Very Low,"$54,154/month"
Task Prioritizer Pro,"83,900",Low,"$25,519/month"
Franchise Launch Assistant,"7,060",Very Low,"$2,020/month"
Customer-Centric Brand Communication,"24,990",Very Low,"$7,762/month"
No-Code SaaS Learning Hub,"301,390",Very Low,"$99,841/month"
Service Optimization Toolkit for Restaurants,"4,170",Very Low,"$1,111/month"
Sweat Equity Tracker,"18,700",Very Low,"$5,647/month"
Inflation-Linked Pay Analyzer,"5,220",Low,"$1,452/month"
Multi-Channel Growth Optimizer,"12,590",Very Low,"$3,816/month"
Craftsmanship Quality Control Tool,"394,200",Very Low,"$130,658/month"
Scientific Career Transition Kit,"13,190",Very Low,"$4,090/month"
Contract Insight Analyzer,"19,340",Low,"$5,939/month"
Valet Etiquette Training App,"201,600",Low,"$65,887/month"
Performance Balancer for Gaming PCs,"9,300",Very Low,"$2,795/month"
Modern Marketing Mimicry Tool,"16,700",Very Low,"$5,034/month"
AI-Powered Copy Variation Generator,"157,100",Low,"$47,367/month"
On-Demand Inventory Finder,"105,300",Low,"$32,479/month"
Cloud Cost Optimizer,"50,300",Very Low,"$15,944/month"
AI-Powered Project Launchpad,"305,500",Very Low,"$100,988/month"
Social Media Detox Manager,"52,600",Very Low,"$16,934/month"
Motivation Maximizer,"61,500",Low,"$19,843/month"
MindSet Recall,"114,320",Low,"$37,016/month"
Croc Customizer,"275,140",High,"$79,633/month"
Crisis Catalyst,"38,100",Very Low,"$12,250/month"
Scrap Solutions Hub,"2,441,140",Very Low,"$809,705/month"
Authenticity Finder,"117,320",Very Low,"$38,663/month"
Social Media Detox Coach,"91,090",Very Low,"$29,956/month"
B2B Marketing Oasis,"78,500",Very Low,"$25,209/month"
AI Website Change Tracker,"124,000",Low,"$36,512/month"
Gamer Skills Development Hub,"57,700",Very Low,"$18,591/month"
Career Resilience Coach,"4,600",Very Low,"$1,251/month"
Team File Organizer,"4,590",Low,"$1,235/month"
Generative AI Mental Health Assistant,"12,100",Very Low,"$3,429/month"
Micro App Builder,"24,400",Low,"$7,396/month"
Email Cleanser Pro,"15,600",Low,"$4,616/month"
Career Shift Insights,"24,080",Very Low,"$7,670/month"
Visual Progress Tracker,"63,990",Low,"$19,349/month"
AI Idea Generator,"278,100",Low,"$87,342/month"
Bootable USB Manager,"7,080",Very Low,"$2,028/month"
CV Cloud Backup Assistant,"28,510",Low,"$8,240/month"
AI Dialogue Marketing Tool,"9,300",Low,"$2,568/month"
DIY PC Builder Assistant,"17,220",High,"$4,424/month"
Social Media Management Outsourcing Hub,"21,320",Low,"$6,219/month"
AI-Powered Dating Assistant,"331,200",Moderate,"$94,623/month"
Virtual Reality Pain Management System,"66,500",Very Low,"$21,211/month"
Boot Order Configuration Tool,"1,340",Very Low,$310/month
Smart SaaS Cost Management Tool,"1,100",Very Low,$261/month
Value-Driven Membership Management System,"12,390",Very Low,"$3,755/month"
Automated Spam Detection and Reporting Tool,"2,660",Very Low,$688/month
Leadership Development Hub,"12,100",Low,"$3,459/month"
Deep Work Productivity App,"20,900",Low,"$5,976/month"
Legal Battle Financial Advisor,"168,040",Low,"$49,822/month"
Mental Health & Productivity Tracker,"3,120",Low,$826/month
Entrepreneurship Insight Hub,"442,600",Very Low,"$146,602/month"
Service Business Blueprint,"63,120",Very Low,"$20,447/month"
Digital Asset Marketplace,"43,100",Very Low,"$13,849/month"
Strategic Scaling Assistant,"95,500",Very Low,"$30,680/month"
Client Experience Innovator,"13,190",Very Low,"$4,076/month"
HomeBuilder Connect,"25,980",Moderate,"$7,566/month"
Passive Income Marketplace for Creators,"62,120",Low,"$19,065/month"
Smart Financing for Homesteaders,"275,000",Low,"$88,190/month"
Email Security Monitor,"3,000",Low,$758/month
Bureaucracy Navigator,600,Very Low,$134/month
International Student Resources Hub,"8,240",Very Low,"$2,562/month"
BIOS Troubleshooter,180,Very Low,$32/month
AI Content Authenticity Analyzer,"2,340",Very Low,$576/month
Freelance Portfolio Builder,"5,330",Very Low,"$1,514/month"
Event Safety Tracker,690,Very Low,$142/month
Bookmark Management System,"9,640",Very Low,"$2,858/month"
Authentic Connection Hub,"12,820",Very Low,"$3,933/month"
Output-Oriented Note Taking,"9,570",Very Low,"$2,785/month"
AI Writing Assistant for Clarity,"24,700",Low,"$7,043/month"
Digital Well-being Coach,"97,300",Very Low,"$31,521/month"
Cruelty-Free Impact Tracker,"5,810",Very Low,"$1,685/month"
Laundromat Business Analyzer,"9,600",Very Low,"$2,752/month"
User-Friendly Tech Training Platform,"16,600",Very Low,"$5,007/month"
B2B Service Business Dashboard,"19,410",Low,"$5,623/month"
Keyword Analysis Toolkit,"20,140",Very Low,"$6,278/month"
Cloud-Based Inventory Management System,"18,600",Low,"$5,338/month"
Content Clustering Automation Tool,"137,540",Low,"$41,768/month"
Email Security Monitor,"3,000",Low,$758/month
Custom Survey Analyzer,"16,580",Very Low,"$5,070/month"
Innovative Idea Incubator,"1,830",Very Low,$420/month
Smart Content Evaluator,"8,390",Very Low,"$2,453/month"
KanaFlow: Gamified Weed Quitting App,"18,100",Very Low,"$5,851/month"
TherapyConnect: EMDR Therapy Platform,0,Very Low,$0/month
Stranger Finder: Startup Collaboration Platform,300,Very Low,$55/month
Linux Stability Monitor,990,Low,$226/month
AI-Powered Job Matching Platform,"7,780",Low,"$2,188/month"
User Feedback Validation Hub,810,Very Low,$167/month
Caffeine Intake Tracker,"10,510",Low,"$2,798/month"
Indoor Farming Sourcing Network,"3,290",Low,$805/month
Business Partnership Mediator,"26,740",Very Low,"$8,479/month"
Traffic Growth Mentor,"40,330",Very Low,"$12,853/month"
Organic Lead Generator from Reddit,"20,400",Low,"$6,072/month"
Collaborative Workspace for Remote Teams,"153,900",Low,"$47,776/month"
Digital Identity Eraser,"3,900",Low,"$1,054/month"
Code Validation Suite,"10,390",Very Low,"$3,067/month"
Anxiety Management Journey,"10,200",Moderate,"$2,666/month"
AI Art Generator Pro,"250,760",Low,"$78,558/month"
Data Rescue Pro,"17,740",Low,"$5,350/month"
RCM Business Mentor Network,860,Very Low,$173/month
Eco Gear EV Motorcycle,"138,200",Low,"$36,709/month"
Landing Page Optimizer,"5,070",Very Low,"$1,345/month"
Component Health Monitor,"2,330",Low,$538/month
Mental Clarity Toolkit,"131,000",Very Low,"$42,778/month"
Automated Grocery Concierge,"144,920",Moderate,"$40,053/month"
Wealth Accessibility Educator,"45,900",Very Low,"$13,829/month"
Smart Scheduling for Chefs,"2,910",Low,$700/month
Consent Management Browser Extension,"5,290",Very Low,"$1,512/month"
Subscription Price Optimization Tool,"20,920",Low,"$6,431/month"
Mobile Device Monitoring Transparency App,"7,490",Low,"$2,086/month"
Enterprise Surveillance Education Platform,"3,020",Very Low,$837/month
Note Triage Assistant,"137,600",Very Low,"$45,179/month"
Digital Receipt Organizer,"15,000",Moderate,"$3,830/month"
FOMO Management Tool,"694,000",Very Low,"$230,834/month"
AI Payment Optimizer for Startups,"12,910",Low,"$3,939/month"
ColorEnhance: Interactive Design Feedback Tool,"275,090",Very Low,"$90,583/month"
DietTend: Smart Weight Management App,"683,490",Low,"$225,333/month"
AdScale: Automated eCommerce Advertising Platform,"601,000",Very Low,"$194,441/month"
MarketKnow: Market Analysis and Strategy Tool,"128,700",Very Low,"$41,655/month"
FarmFinder: Homestead Property Locator,"78,500",Very Low,"$25,529/month"
SelfHost: Open Source Home Monitoring System,"135,700",Low,"$42,878/month"
Household Management Concierge,"9,030",Very Low,"$2,732/month"
FlexiBreak Scheduler,"25,400",Very Low,"$8,061/month"
Collaborative Outreach Platform,"138,490",Low,"$42,031/month"
AI Pitch Refiner,"29,000",Low,"$9,330/month"
EduLink: Academic Career Transition Platform,"2,800",Very Low,$759/month
CryptoTrust: Bitcoin Investment Tracker,"246,880",Low,"$77,452/month"
PrivacyGuard: Self-Custody Information Management,"10,890",Very Low,"$3,207/month"
CulturalBridge: Cross-Cultural Communication Tools,"5,300",Very Low,"$1,543/month"
SplashGuard: Smart Urinal Splash Prevention,"14,830",Low,"$4,695/month"
