SaaS Niche,Monthly Keyword Searches,Evaluation of Competition,Approximated Revenue
AI Resume Builder,12000,Moderate,"$50,000"
Subscription Analytics,8500,High,"$120,000"
Legal Document Automation,6500,Low,"$30,000"
Freelance Tax Management,4000,Moderate,"$45,000"
Virtual Event Hosting,7500,High,"$75,000"
Automated Video Editing,9800,Moderate,"$90,000"
E-commerce Pricing Optimization,5600,Low,"$35,000"
HR Compliance Management,3900,High,"$110,000"
AI-Powered Chatbots,14000,High,"$150,000"
Real Estate CRM,7200,Moderate,"$80,000"
